RelativePath,Bytes,SHA256
index.html,9389,df91b6fa67499fbd5be7eba6197776c8ad08290a74a9784691fbcb690a024436
styles.css,22363,0708662a3827cc1f045db2fe5ffb28a1a162bc113679a7ad4d3c5f7badce43b0
atlas.css,18062,8ab9213d90a802505bcf0c73ed23db075a8c0a4634f08d004afa021e32a470d9
app.js,61926,90c2690574267386d4d9a02d0e1a12a592bede7b9c5dfd4d9a974fe1a11ad421
data.generated.js,87301,f5afecdd4cffc2188f6e4819b6659dbbef24406200c74ae5ea72f8fa14f1211b
.nojekyll,0,e3b0c44298fc1c149afbf4c8996fb92427ae41e4649b934ca495991b7852b855
PAGES_DEPLOYMENT.json,1165,2156f89dc6b838c42018a93940cd50fa5511247c1630e7c529ee0f6672f880cb
README.md,2435,8325b9466c97023d50e0f49c35058469293a765060b8c6b86835f80fc0198695
DEPLOYMENT.md,1646,ab95b7499e4b4779e36c161a0b2209bc12a227d4ef345fd5ef7222db92df4ffa
